{"cameraMode":{"drawMode":0,"name":"Shaded","section":"Shading Mode"},"sceneLighting":false,"audioPlay":false,"sceneViewState":{"showFog":true,"showMaterialUpdate":false,"showSkybox":false,"showFlares":true,"showImageEffects":true,"showParticleSystems":true},"in2DMode":false,"pivot":{"x":-0.5698089599609375,"y":-0.25390625,"z":7.74078369140625},"rotation":{"x":0.3176063001155853,"y":-0.36469072103500368,"z":0.13390682637691499,"w":0.8649842143058777},"size":6.089785099029541,"orthographic":true}