{"cameraMode":{"drawMode":0,"name":"Shaded","section":"Shading Mode"},"sceneLighting":false,"audioPlay":false,"sceneViewState":{"showFog":true,"showMaterialUpdate":false,"showSkybox":false,"showFlares":true,"showImageEffects":true,"showParticleSystems":true},"in2DMode":false,"pivot":{"x":-0.050000011920928958,"y":0.004049509763717651,"z":7.979448318481445},"rotation":{"x":0.35505881905555727,"y":-0.3646608889102936,"z":0.15284423530101777,"w":0.8471104502677918},"size":0.9602179527282715,"orthographic":true}